"timestamp","market_cap_by_available_supply","price_btc","price_usd","volume_usd"
1438958970000,0,0.0101411,2.83162,90621
1439045372000,80339474,0.00495364,1.33075,368070
1439131770000,43390263,0.00269075,0.718413,743154
1439218169000,38898715,0.0024399,0.643769,426915
1439304572000,45369473,0.00282948,0.75046,501828
1439390970000,66171951,0.00410567,1.09408,2350560
1439477369000,86892350,0.00543304,1.43605,2267030
1439563768000,132298489,0.00822514,2.18547,5633380
1439650169000,98648514,0.00613278,1.62884,3541220
1439736568000,85435698,0.00542908,1.41008,3320980
1439822969000,77448311,0.00494876,1.2777,2112170
1439909369000,90759742,0.00492631,1.25111,1631370
1439996668000,89509421,0.00529622,1.23344,1726800
1440083070000,103319674,0.00607928,1.42324,1883050
1440169469000,111044685,0.00654524,1.52923,2557030
1440255868000,104065432,0.00630416,1.4326,1626510
1440342570000,95788353,0.00573491,1.31819,1596800
1440429275000,93834397,0.00584501,1.29085,953490
1440515669000,82450858,0.00519785,1.13386,1150900
1440602068000,86457751,0.00519443,1.18854,1246990
1440688468000,82761292,0.00501229,1.13735,649447
1440774868000,85124926,0.00511602,1.16945,869767
1440861872000,84433215,0.00505092,1.15959,411917
1440948268000,94119631,0.0056509,1.29226,1106680
1441034669000,97205308,0.00581711,1.33424,1585480
1441121069000,99258434,0.00597326,1.36205,702061
1441207469000,96352789,0.005773,1.32183,774641
1441293868000,88991741,0.00535375,1.22057,958283
1441380268000,92672957,0.00553476,1.27071,500545
1441466963000,95493564,0.00559853,1.30895,348135
1441553068000,96482211,0.00547511,1.32205,557762
1441639468000,91701931,0.00522279,1.25613,567383
1441726465000,91051505,0.00513966,1.24681,333500
1441812865000,91253475,0.00522292,1.24914,398039
1441899268000,88372350,0.0050528,1.20929,340658
1441985665000,72836199,0.00415672,0.996344,1712070
1442072664000,77002591,0.00440958,1.05297,1283270
1442159064000,72100999,0.0042231,0.985603,501030
1442245468000,65270921,0.0038465,0.891943,813796
1442331865000,71937303,0.00425576,0.982715,749725
1442418264000,67945322,0.00405499,0.92787,602725
1442504670000,63639661,0.00378042,0.868778,889422
1442592265000,63164865,0.0036895,0.862011,458725
1442679565000,62605818,0.00368727,0.854085,436631
1442766866000,66405854,0.00390701,0.905599,494462
1442866167000,66366172,0.00396695,0.90469,437068
1442952568000,66460539,0.00392631,0.905667,521468
1443038968000,65719664,0.00387667,0.895256,250246
1443125368000,62779561,0.00363083,0.854913,703524
1443211768000,55775707,0.00322251,0.759275,993513
1443298467000,54538264,0.00316511,0.742177,327593
1443384867000,53661532,0.00313043,0.730005,473869
1443471572000,46840376,0.00267793,0.637005,1039950
1443557969000,48087962,0.0027534,0.653765,1220220
1443644373000,53298029,0.00305817,0.724364,573890
1443730767000,50829539,0.00290633,0.690573,663012
1443817167000,49463919,0.00283325,0.671786,233249
1443904467000,51224632,0.00291138,0.695455,173219
1443990867000,49029996,0.00278897,0.665442,100363
1444077269000,48428249,0.0027431,0.657051,160792
1444163667000,46641391,0.00257052,0.632599,317562
1444250070000,45662886,0.00252931,0.619119,190129
1444336469000,44230826,0.00246388,0.599494,251648
1444422868000,48759804,0.0027107,0.660658,474870
1444510167000,46596489,0.00257844,0.631135,169609
1444596567000,46568776,0.00255998,0.630541,107155
1444682967000,47023886,0.00259234,0.636484,97752
1444769367000,44834228,0.00243319,0.606636,236344
1444855767000,38895901,0.0020777,0.52611,827383
1444942167000,41855476,0.00222544,0.565953,558993
1445028567000,39009400,0.00200987,0.527295,285371
1445115574000,41580924,0.00210708,0.56186,298388
1445201966000,38339607,0.00197399,0.517889,140579
1445288367000,36382205,0.00187019,0.491283,253934
1445374767000,35614001,0.00178527,0.480749,248435
1445461166000,31307647,0.00158166,0.422475,681066
1445547566000,45920643,0.00226434,0.619466,753020
1445633968000,41084520,0.00200485,0.554031,1012760
1445721865000,40494951,0.00196034,0.545888,359611
1445808266000,49958287,0.00233782,0.673224,550888
1445894666000,50490987,0.00238999,0.680178,970492
1445981066000,58358780,0.00266845,0.785891,1869480
1446067466000,76838923,0.00342911,1.03441,2038880
1446153867000,86165263,0.0037014,1.15956,2632620
1446240267000,78348805,0.00325909,1.054,2511200
1446328765000,67641744,0.00290852,0.909637,683935
1446418765000,78153437,0.00322929,1.05062,580713
1446505165000,70976019,0.00264331,0.953811,1092130
1446591564000,74271485,0.00250956,0.997756,1955420
1446678566000,66462024,0.00223974,0.892536,2971250
1446764965000,67186858,0.00230972,0.901961,1223520
1446851366000,66520510,0.00239947,0.892709,910595
1446939865000,68926285,0.00238901,0.92468,889471
1447026275000,76279337,0.00274681,1.02298,1006750
1447112665000,74252362,0.00261612,0.995461,2051660
1447199066000,68719109,0.00272266,0.920968,852037
1447285465000,58248283,0.00255016,0.780376,1242930
1447371868000,67182849,0.00268083,0.899769,819292
1447457972000,66953444,0.00266905,0.89639,543361
1447546169000,66926148,0.00268942,0.895713,378938
1447632569000,67860384,0.00283954,0.907901,405150
1447718966000,69143754,0.00279923,0.924759,616392
1447805375000,74734187,0.00298627,0.999183,1159970
1447891770000,74273033,0.00296607,0.992681,660616
1447978168000,71383817,0.00292192,0.953748,442128
1448064568000,69489301,0.00288161,0.928143,616820
1448154268000,72552099,0.00296849,0.968713,457709
1448240665000,72507763,0.00298886,0.967793,352712
1448327066000,70509324,0.00292313,0.9408,448238
1448413470000,66229240,0.00276034,0.883399,558326
1448499868000,65310149,0.00262349,0.87085,595059
1448586283000,65844023,0.00249841,0.877679,932648
1448688868000,66353697,0.00247684,0.884117,523576
1448775266000,67927873,0.00254175,0.904788,348415
1448861665000,64068182,0.00226743,0.853092,622045
1448948067000,65340277,0.00230235,0.869735,674126
1449034466000,63698895,0.00239471,0.847603,629759
1449120866000,61370121,0.00221787,0.816346,593841
1449207269000,60966627,0.00225978,0.810704,367831
1449293668000,62803022,0.00225401,0.834842,221871
1449380071000,65770940,0.00218277,0.874011,350867
1449466466000,61743099,0.0021025,0.820218,478709
1449552894000,59529251,0.00200934,0.790543,465547
1449639266000,59265869,0.00187942,0.78679,520265
1449725666000,59747560,0.00190949,0.792909,454250
1449812068000,63083253,0.00198083,0.836892,381638
1449898471000,72423904,0.0022455,0.96049,1204430
1449984867000,73319966,0.00224249,0.97204,854989
1450071268000,74399997,0.00224998,0.986017,328743
1450157671000,75495316,0.00220212,1.0002,590517
1450244066000,75023286,0.00219769,0.993618,506528
1450330467000,74803967,0.00217304,0.990385,285523
1450416867000,69432771,0.00200983,0.918964,655652
1450503274000,68412181,0.0019514,0.905155,250567
1450589667000,69362220,0.00199562,0.917421,376019
1450676067000,68884533,0.00207406,0.910805,516833
1450762466000,67728508,0.00203657,0.895223,524508
1450848867000,65911230,0.00198224,0.870907,470235
1450935265000,65306709,0.0018957,0.862629,319626
1451021669000,66373178,0.00191402,0.876426,334625
1451108067000,66084059,0.00197866,0.872318,168020
1451194466000,64222563,0.00204747,0.847465,406341
1451280867000,66127773,0.00203363,0.872314,189271
1451367269000,63935354,0.0019922,0.843111,207540
1451453666000,68124403,0.00208073,0.898058,310058
1451540067000,72645173,0.00225814,0.957337,755508
1451626465000,72124574,0.00218338,0.950158,441898
1451712866000,73015063,0.00221533,0.96158,272504
1451799267000,72120640,0.00220172,0.949483,224004
1451885669000,73412385,0.00224413,0.966162,349742
1451972068000,73017786,0.00221749,0.960645,392766
1452058463000,71897692,0.00220419,0.945596,229727
1452144864000,73145989,0.00218706,0.961688,411299
1452231268000,73649516,0.00212176,0.967989,613037
1452317664000,74700339,0.00218498,0.98147,438481
1452404067000,74389469,0.00219467,0.977053,238328
1452490465000,81051494,0.00236879,1.0642,646007
1452576863000,83022901,0.0024416,1.08972,960847
1452663867000,86156029,0.00263059,1.13048,2792970
1452750265000,86324697,0.0026271,1.13232,945126
1452836664000,92671468,0.00291939,1.21516,1144720
1452923064000,93184254,0.00328339,1.22148,3920330
1453009462000,94893374,0.00324093,1.24347,2218000
1453095865000,107747685,0.00373139,1.41144,1784500
1453182264000,109475556,0.0037138,1.43361,4296670
1453268663000,105846634,0.00363046,1.38563,1886480
1453355062000,116934969,0.00367928,1.53028,3008180
1453442063000,115470835,0.00381735,1.51063,1713200
1453528464000,127888856,0.00424796,1.67254,1968750
1453614868000,169480957,0.00567825,2.21577,9101720
1453701265000,160995642,0.00529279,2.10414,7952880
1453787663000,207459875,0.00690169,2.71051,12414100
1453874062000,187526644,0.00619521,2.44927,13903700
1453961062000,184068087,0.00628405,2.4033,6102710
1454047463000,195175463,0.00683575,2.54749,5530750
1454133862000,194627374,0.00670851,2.53951,5827890
1454220264000,188189821,0.00646605,2.45472,3413210
1454306664000,162901621,0.00568296,2.12417,6433110
1454393063000,167216930,0.0058072,2.17973,3142310
1454479463000,180312490,0.00627929,2.34967,3518760
1454565863000,195835985,0.00682577,2.55111,3921680
1454652267000,194156181,0.0065151,2.52839,3437090
1454738664000,192499055,0.00667785,2.506,2741860
1454825065000,198588320,0.00683449,2.58442,1788020
1454911464000,231671939,0.0079529,3.01396,8603630
1454997863000,249967796,0.00870343,3.25093,8975180
1455084263000,328285606,0.0113012,4.26808,24481200
1455170681000,354191609,0.0121021,4.60338,23985900
1455257061000,474932748,0.0161658,6.17066,31308600
1455343461000,362789449,0.0120686,4.71205,21479500
1455429862000,349622456,0.0114376,4.53955,21265900
1455516261000,453546163,0.0144937,5.88699,12177700
1455602662000,405928537,0.0131144,5.26723,11224800
1455689065000,338894956,0.0107627,4.39597,16838800
1455775466000,278245474,0.00860083,3.60813,16166600
1455861865000,359066286,0.0110358,4.65464,16286600
1455948263000,339153445,0.0103818,4.39507,6514930
1456034667000,329602119,0.00971271,4.26989,8113720
1456121066000,404988694,0.0120533,5.2448,10475600
1456207463000,441264573,0.0130185,5.71269,16021000
1456293864000,431261284,0.0134684,5.58142,9396860
1456380263000,491045597,0.0151041,6.35305,14752000
1456467262000,461898335,0.0140558,5.97399,18950800
1456553663000,460697276,0.0138584,5.95649,8500320
1456640062000,495090702,0.0150125,6.39912,8766610
1456726463000,505426451,0.0149312,6.5306,9819770
1456813164000,499980124,0.0147908,6.45819,7680060
1456899563000,586423646,0.0174587,7.57226,25175300
1456985963000,674977485,0.0207425,8.71289,28541100
1457072363000,681716701,0.0207411,8.797,46863300
1457158763000,825390085,0.02593,10.6476,34827900
1457245162000,855774291,0.0275025,11.0359,57795400
1457331563000,854291444,0.0269615,11.0133,34911000
1457417964000,693761703,0.0214965,8.94089,34822700
1457504364000,821639952,0.0256766,10.5855,23138900
1457590763000,907967316,0.0282761,11.6939,28398500
1457677162000,817215518,0.0249319,10.5216,25593300
1457763562000,1014651004,0.0314883,13.0593,36068500
1457849962000,1113304121,0.0346333,14.3244,44447100
1457936362000,1074796440,0.0331841,13.8244,54195500
1458022762000,990550399,0.0305054,12.7364,43061600
1458109163000,1027969582,0.0317215,13.2124,26436600
1458196763000,973738885,0.0298108,12.5105,24035500
1458283163000,849723790,0.026078,10.8747,40329300
1458369562000,773401873,0.0241449,9.8939,54714200
1458455963000,830185950,0.0257645,10.616,21583100
1458545064000,846003114,0.0263137,10.8138,19955100
1458631464000,906543211,0.0277616,11.583,28286100
1458717863000,932606652,0.0284684,11.901,20037800
1458804264000,898534164,0.0274333,11.4615,23553700
1458890662000,837180340,0.0255823,10.6745,21371200
1458977062000,861000991,0.0262343,10.9738,11873700
1459063463000,857526401,0.0261178,10.9251,7395110
1459149863000,892094531,0.0266611,11.361,24112600
1459236263000,904854291,0.0271272,11.5188,17566000
1459322663000,935961164,0.0288687,11.91,20082900
1459409063000,938594765,0.0286627,11.9387,16052300
1459495462000,914900106,0.0279359,11.6327,16617900
1459581863000,903893730,0.0273012,11.4882,10752900
1459668263000,908509408,0.0274658,11.5422,6645410
1459755262000,909730833,0.0273928,11.553,5803160
1459844663000,851531661,0.025582,10.8094,15075700
1459931063000,809937788,0.0242453,10.2773,18794800
1460017462000,842871270,0.0253081,10.691,13305700
1460104166000,782018685,0.0233173,9.91515,15843700
1460190563000,781944370,0.0236976,9.91024,14135200
1460276964000,702146410,0.0211776,8.89539,20326600
1460363363000,660438125,0.0198513,8.36365,39963400
1460449763000,618691717,0.0184329,7.83191,14355600
1460536163000,586053667,0.0174445,7.41576,24868900
1460622564000,691276470,0.0206663,8.74375,29467900
1460708963000,672027189,0.0199684,8.4969,11350100
1460795363000,646054757,0.0188802,8.16524,12403900
1460881763000,703361757,0.0206674,8.88601,15817000
1460968163000,727861087,0.021442,9.19182,20176900
1461054563000,721997443,0.0212637,9.11414,20284900
1461140963000,688492505,0.0198962,8.68771,15172200
1461227363000,683150789,0.0195069,8.61686,13087600
1461313764000,652485689,0.0184302,8.22683,13870800
1461400163000,629694665,0.0178312,7.93629,12367700
1461486563000,649669166,0.0180555,8.18478,15110900
1461572964000,641657021,0.0176668,8.0806,9977910
1461659364000,562230048,0.0152264,7.07753,21213300
1461746063000,594438684,0.0160729,7.48002,14452100
1461832463000,582782483,0.0165157,7.33041,21800300
1461918864000,605701465,0.0169719,7.61565,9926840
1462005264000,612695195,0.0169556,7.70051,9721810
1462091664000,703548912,0.0196501,8.83884,36845400
1462178063000,774936445,0.0216899,9.73194,22086100
1462264464000,778076474,0.0218572,9.76744,37152600
1462350864000,787928994,0.0219958,9.88719,21071600
1462437263000,764475278,0.0214466,9.58908,16676800
1462523664000,778375295,0.021638,9.75955,17528400
1462610066000,748409468,0.0204748,9.38007,20971500
1462696463000,719399731,0.0196841,9.0129,13100800
1462782864000,761755764,0.0208891,9.53976,12926800
1462869264000,747470617,0.0203685,9.35714,11479500
1462955664000,765379222,0.0211126,9.57757,10399800
1463042063000,807044406,0.0223962,10.095,17525400
1463128464000,872964039,0.0239983,10.9151,31083700
1463214864000,797287822,0.0218977,9.96488,28286800
1463301263000,811994448,0.0222432,10.1447,13734200
1463387664000,803045470,0.0219526,10.0289,7575040
1463474061000,939653601,0.0258212,11.7303,37788300
1463560462000,1049552946,0.0288015,13.097,43144900
1463660663000,1133165815,0.0314204,14.1337,50381800
1463747063000,1187388118,0.033389,14.8041,53437900
1463833462000,1087157375,0.0306116,13.549,42192600
1463919862000,1119160821,0.0314713,13.9423,16564900
1464006262000,1129845050,0.0317899,14.0698,20461400
1464092664000,1031991301,0.0288119,12.8461,28077000
1464179062000,988787686,0.0273825,12.3034,36927500
1464265463000,988101869,0.0271685,12.2899,28900900
1464351862000,879066899,0.0230214,10.9294,47853300
1464438262000,940925295,0.0236662,11.6938,42372400
1464524661000,983732499,0.0231698,12.2209,34406200
1464611062000,999955167,0.022886,12.4175,22593100
1464697462000,1056922310,0.0241046,13.1197,14614500
1464783862000,1086473761,0.0251985,13.4812,47087400
1464870262000,1120384027,0.0258913,13.8965,16217000
1464956662000,1106059488,0.0248016,13.7133,13151000
1465043077000,1103345232,0.0238109,13.6742,23710700
1465129462000,1118354629,0.0239783,13.8547,12035400
1465215863000,1119119806,0.0237578,13.8587,11322000
1465302263000,1124101890,0.0237628,13.9149,9344490
1465388663000,1174200572,0.0250197,14.5293,26283000
1465475062000,1170203432,0.0249775,14.474,10015500
1465561462000,1146613616,0.0246063,14.1767,10415300
1465647862000,1116716672,0.0237473,13.8016,11655300
1465734261000,1164949941,0.0224699,14.392,19673000
1465820662000,1352063073,0.0239487,16.697,39713700
1465907062000,1502264223,0.0268761,18.5445,59034200
1465993462000,1468351927,0.0265676,18.1187,39046800
1466079861000,1574168166,0.0264867,19.4168,27679700
1466166261000,1434773844,0.0239269,17.6904,136627000
1466252661000,1069614657,0.0175086,13.1825,124688000
1466339062000,1014216962,0.0165832,12.4945,138390000
1466425482000,919074565,0.0150851,11.3179,60870400
1466511862000,1017566147,0.0183705,12.5258,49988300
1466598261000,1118399183,0.0206901,13.7616,118127000
1466684663000,1048324160,0.0217771,12.8942,45485100
1466771061000,1129041812,0.0211724,13.8816,36172600
1466857461000,1160366285,0.0209498,14.2611,16685600
1466943861000,1149627259,0.0217039,14.1235,12089000
1467030261000,1138336598,0.0219884,13.9793,15914200
1467116662000,1108031708,0.0209109,13.6018,12011300
1467203061000,972702724,0.0188124,11.9359,49340900
1467289461000,1012395287,0.0190078,12.418,22678900
1467375861000,962062789,0.0173647,11.796,15844700
1467462263000,982016724,0.017374,12.0359,12998600
1467548663000,977141099,0.0176577,11.9714,9664820
1467635065000,936747245,0.0170763,11.4721,10501300
1467721461000,832338649,0.0150931,10.1894,31159100
1467807861000,868733447,0.0157368,10.6308,33166700
1467894262000,822040782,0.0156135,10.0555,14036800
1467980661000,841273777,0.0159715,10.2867,11186600
1468067060000,884808786,0.0165958,10.8148,24445900
1468153461000,899190098,0.0169601,10.9862,11107600
1468239860000,847504857,0.0160229,10.3507,10528000
1468326261000,876064794,0.0163849,10.6953,8741160
1468412663000,863778080,0.0158265,10.5412,10878900
1468499061000,900413559,0.0166474,10.984,15371300
1468585461000,984871599,0.0180825,12.0096,31105100
1468671861000,962858076,0.0176382,11.7366,13379300
1468758560000,933961770,0.0170584,11.3799,12880800
1468844963000,944948169,0.0169493,11.5093,17674900
1468931361000,912496174,0.0165271,11.1097,13751000
1469017761000,996507851,0.0180883,12.1278,32117400
1469104161000,1014309345,0.018613,12.3396,51731000
1469190561000,1140757886,0.0209868,13.8725,45874100
1469276961000,1195498578,0.0221641,14.5325,67116300
1469363362000,1077193850,0.0199619,13.0893,48142300
1469449762000,1081969691,0.0201063,13.1423,62956600
1469536161000,1035685439,0.0193874,12.5752,46022300
1469622562000,1042526078,0.019408,12.6535,100330000
1469708962000,1030010284,0.0190593,12.4966,33802800
1469795361000,1038984129,0.0192242,12.6006,19017200
1469881761000,1042357489,0.0192602,12.6366,11210300
1469968161000,1012427131,0.0193335,12.269,14095300
1470054562000,955538822,0.0184957,11.5751,29356500
1470140962000,867619100,0.0173617,10.5061,45874400
1470227362000,811413032,0.0175458,9.82174,90594100
1470313761000,907517548,0.0190382,10.9807,46555100
1470400161000,914064824,0.0192556,11.0556,29982100
1470486561000,859040593,0.018203,10.3861,15291400
1470572964000,913820068,0.0186564,11.0441,14679600
1470659361000,913926450,0.0186867,11.0411,16189900
1470745761000,983751153,0.020156,11.88,23162600
1470832162000,1020221914,0.0208714,12.3156,32972700
1470918561000,970188651,0.0196475,11.7071,27253900
1471004962000,990074517,0.0203122,11.9424,14761500
1471097961000,975516670,0.0199715,11.7619,8676500
1471184362000,948174179,0.0199378,11.4278,7499030
1471270761000,922325547,0.0195275,11.112,8450230
1471357162000,916258180,0.0193229,11.0346,8566220
1471443562000,917517810,0.0191591,11.0455,6871250
1471529961000,908409811,0.0189616,10.9316,8124840
1471616363000,896219335,0.0186934,10.7807,6284330
1471702761000,930398631,0.0192567,11.1875,7267860
1471789161000,920210770,0.0190051,11.0607,5532540
1471875561000,933678558,0.0192249,11.2182,4362420
1471961962000,919203261,0.018864,11.04,7079110
1472048361000,920907112,0.0189933,11.0562,5834230
1472134763000,938611720,0.0195719,11.2644,6874130
1472221162000,940491126,0.0194539,11.2826,7625380
1472307562000,935731521,0.0195049,11.2212,2688360
1472393962000,923395105,0.0192841,11.069,4290080
1472480362000,914328455,0.0190219,10.9561,7731740
1472566763000,924731258,0.01919,11.0765,5695330
1472653162000,962831655,0.0200682,11.5285,10064100
1472739563000,1005821981,0.0210157,12.0386,24458100
1472825963000,1010937427,0.0210125,12.0952,10436700
1472912362000,972808084,0.0202294,11.6346,12036500
1472998763000,975184752,0.0191126,11.6586,9770560
1473085162000,983662116,0.0194335,11.7554,6359570
1473171562000,971252624,0.0190322,11.6027,6684810
1473257962000,976602740,0.0190499,11.6621,5520100
1473344363000,956973546,0.01821,11.4234,10825800
1473430762000,966904478,0.0185452,11.5375,6158400
1473517161000,972348024,0.0185775,11.598,5328400
1473603562000,996288749,0.0190147,11.879,8774750
1473689962000,987555782,0.0194117,11.7704,10573500
1473776363000,1008727217,0.0197251,12.0181,10927200
1473862764000,1006142167,0.0196021,11.9827,4884380
1473949162000,1010326003,0.0196968,12.0279,8773340
1474035562000,1029720021,0.0201314,12.2541,7208790
1474121962000,1065715603,0.0209086,12.6776,17258100
1474208362000,1077726264,0.0210479,12.8156,8406010
1474294763000,1088006671,0.0212037,12.9331,25052000
1474381162000,1149157771,0.0224085,13.6546,25845500
1474467562000,1157854210,0.0230301,13.7527,31750100
1474553962000,1076139344,0.0213614,12.7775,24565900
1474640363000,1132198083,0.022383,13.4375,16957000
1474726764000,1087742561,0.0213622,12.9048,10359200
1474813163000,1092437756,0.0215659,12.9552,5205740
1474899561000,1089791751,0.0212955,12.9189,7161930
1474985962000,1106669090,0.0216562,13.1136,6050400
1475072360000,1122621573,0.0219606,13.2973,10933200
1475158761000,1105113607,0.0216117,13.0849,6267290
1475245167000,1122823656,0.0219205,13.2896,5593840
1475331560000,1113558694,0.0214971,13.1748,5896380
1475417960000,1120677419,0.02169,13.2534,5633550
1475504416000,1118475775,0.0215893,13.222,3721520
1475590760000,1136358916,0.021989,13.4283,9273190
1475677160000,1124395206,0.021641,13.2819,9525010
1475763563000,1084583319,0.0208963,12.8065,13607200
1475849961000,1065781812,0.0203628,12.5793,9405640
1475936360000,1036543236,0.0197737,12.2289,11130900
1476022759000,1037915966,0.0198073,12.2402,6366480
1476109162000,1004511682,0.019149,11.8416,11245000
1476195561000,1023764976,0.0189929,12.0639,10060000
1476281961000,1017786343,0.0187562,11.9889,10368900
1476368363000,1003719710,0.0185612,11.8184,9160280
1476454763000,1012051150,0.0186466,11.9118,6872810
1476541160000,1004053921,0.0184134,11.8131,4293680
1476627561000,1017769470,0.0186304,11.9699,4114660
1476713962000,1012605566,0.0185728,11.9046,4872850
1476800361000,1100066382,0.0202028,12.9278,15677900
1476886762000,1025694043,0.0191568,12.0492,12475700
1476973163000,1030600410,0.0191852,12.1018,9147440
1477059562000,1027966475,0.019055,12.0663,6273760
1477145963000,1027779214,0.0188505,12.0596,5789670
1477232362000,1025331306,0.0183366,12.0264,8240530
1477318764000,1019783226,0.0182543,11.9569,4986230
1477405162000,976414708,0.0173932,11.4441,12904200
1477491564000,990793257,0.0173489,11.6083,15092300
1477577961000,987727084,0.0169288,11.5681,14195200
1477664362000,957991993,0.0163086,11.2157,10671600
1477750761000,817134132,0.0134435,9.56327,21031200
1477837460000,894650465,0.0148524,10.4667,18270900
1477923862000,944808939,0.0155997,11.0493,17583200
1478010260000,918170116,0.0146592,10.7339,17488900
1478096662000,941948461,0.0151825,11.0079,16916900
1478183063000,942822624,0.0150638,11.0141,12177000
1478269461000,935423977,0.0155293,10.9237,14503600
1478355860000,945554430,0.0157877,11.038,8132190
1478445862000,933370187,0.015538,10.8916,5259820
1478532265000,929486047,0.0154475,10.8421,5615390
1478618661000,922689078,0.0151287,10.7587,6295420
1478705065000,921055880,0.0148108,10.7357,14819900
1478791465000,907691586,0.0147852,10.5761,4342580
1478877860000,899917112,0.014624,10.4817,5579100
1478964261000,864990841,0.01429,10.0712,6671380
1479050671000,877988698,0.0148384,10.2187,11790500
1479137072000,857905689,0.0142317,9.98124,4272320
1479223467000,878152661,0.0143624,10.213,5316190
1479309860000,874851011,0.0138693,10.1709,8056960
1479396261000,860727786,0.0134012,10.0031,9121030
1479482661000,825725200,0.0127466,9.59268,9642390
1479569059000,832391064,0.012913,9.66649,6998910
1479655461000,828234595,0.013097,9.61463,3731430
1479741861000,824404801,0.0129566,9.56658,5159130
1479828262000,857117757,0.0132711,9.94256,8917400
1479914660000,851377202,0.013281,9.8723,6899700
1480001086000,807188870,0.0126463,9.3563,6625220
1480087461000,824906296,0.0129538,9.55808,16549000
1480173859000,809901196,0.0128255,9.38065,4704400
1480260262000,792106732,0.0124283,9.17103,5617160
1480346662000,761472736,0.0119745,8.81287,8408870
1480433063000,703220156,0.0110442,8.13552,14437300
1480519482000,745828653,0.0115534,8.62528,11573100
1480605861000,727301780,0.0111327,8.40792,7518450
1480692266000,688479513,0.0102166,7.95619,8950490
1480778660000,678034837,0.0101652,7.8326,19835300
1480865061000,656985098,0.00983143,7.58668,9034830
1480951459000,628089155,0.00956814,7.25039,9947150
1481037861000,601396330,0.00907424,6.93972,42676500
1481124262000,690488095,0.0103768,7.96485,27693200
1481210661000,741521816,0.0110594,8.55038,24204200
1481297065000,748979601,0.0111556,8.63321,13617100
1481383463000,724965929,0.0107637,8.35336,7543410
1481469866000,711158842,0.0106567,8.19125,7726580
1481556268000,736765091,0.0108766,8.48314,7151260
1481642664000,727077818,0.0107101,8.36854,6868450
1481729366000,727679613,0.0107225,8.37242,4909860
1481815765000,694591868,0.0102337,7.9888,13226200
1481902166000,679758032,0.00997703,7.81534,7498620
1481988566000,659201020,0.00958108,7.57623,7155920
1482074965000,688744816,0.0100202,7.91289,6705020
1482161361000,672715536,0.00974738,7.72591,5505370
1482247763000,668366761,0.00966648,7.67315,6129990
1482334172000,689686146,0.00958706,7.91506,8362680
1482420570000,663842655,0.0087485,7.61572,16469600
1482506964000,631328172,0.00797047,7.24015,16372100
1482593361000,640786457,0.00818296,7.34599,12074600
1482679760000,633413269,0.00830105,7.25881,7807280
1482766161000,632923308,0.00800026,7.25054,7010400
1482852562000,630911471,0.00771547,7.2249,6070130
1482938961000,621569992,0.00735367,7.11536,10642100
1483025362000,723069367,0.00853573,8.27427,30196200
1483111762000,713681281,0.0085564,8.16388,19180500
1483198163000,699235532,0.00836706,7.99574,9767760
1483284561000,720735075,0.00843722,8.23864,11402300
1483370964000,714196626,0.007963,8.16096,14264500
1483457365000,824588224,0.00918238,9.41901,20130000
1483543764000,949044121,0.00986177,10.8366,48570100
1483630164000,869642248,0.0102802,9.92636,44518100
1483716568000,901096410,0.0111954,10.2817,28690300
1483802958000,879786562,0.0112821,10.0349,24141300
1483889360000,887575380,0.011235,10.1201,18842200
1483975766000,936545623,0.0118284,10.6746,24660300
1484062160000,929010384,0.0116922,10.5849,16110000
1484148564000,871128595,0.0122157,9.92186,19922200
1484234973000,847160455,0.0122928,9.64537,31413900
1484321371000,859624701,0.0120264,9.78377,24615300
1484407761000,846503728,0.0116156,9.63099,23207700
1484494159000,870066766,0.0121024,9.89553,17043400
1484580562000,859853013,0.0117835,9.77584,13978700
1484666962000,887337648,0.0113919,10.0847,19869400
1484753361000,890275978,0.0115933,10.1145,16132700
1484839761000,903270997,0.0114848,10.2584,7549210
1484926161000,931646368,0.0118098,10.5769,12326100
1485012559000,959067050,0.011815,10.8843,11924000
1485098961000,947086471,0.0117515,10.7445,8862760
1485185361000,952646672,0.0116396,10.8037,7296100
1485271762000,935068453,0.0116902,10.6006,7917960
1485358162000,929209145,0.0117214,10.5304,7884980
1485444582000,933301379,0.0115576,10.573,6776110
1485530961000,929341888,0.0114389,10.5244,8300120
1485617362000,928621089,0.011405,10.5125,6127540
1485703760000,927800439,0.0113839,10.4995,5815460
1485790160000,928159037,0.0113838,10.4998,5284760
1485876560000,941521269,0.0111431,10.6471,11152100
1485962967000,939532713,0.0108713,10.6209,13294200
1486049362000,944432207,0.0107007,10.6725,8973540
1486135764000,961169936,0.0105817,10.8578,14745900
1486222162000,1016921664,0.0111888,11.4835,13377700
1486308561000,1007905949,0.0110281,11.3776,8456350
1486394961000,1013668255,0.0109949,11.4386,6110390
1486481360000,1020928473,0.0108955,11.5164,7349870
1486567761000,1005773516,0.0107319,11.3414,9660630
1486654161000,956236162,0.0112187,10.779,15104600
1486740558000,979170953,0.0114149,11.0336,12184600
1486826961000,999237541,0.0111946,11.2557,10573000
1486913357000,1007238112,0.011336,11.3418,5799720
1486999758000,998767285,0.0113276,11.2424,6582370
1487086763000,1119753441,0.0125353,12.5997,27922500
1487173163000,1141620698,0.0127707,12.8412,30286600
1487259559000,1144619741,0.0125368,12.8704,22945000
1487345960000,1142796451,0.0122589,12.8453,28169800
1487432359000,1134533838,0.0120834,12.748,10397400
1487518760000,1139377226,0.0122103,12.7979,8726780
1487605160000,1137222566,0.0120649,12.7692,9357490
1487691560000,1134148886,0.0116289,12.7302,17552400
1487777960000,1125152535,0.0113122,12.6248,9701680
1487864359000,1137561732,0.011128,12.7596,11485200
1487950761000,1176645128,0.0111129,13.1933,22469200
1488037161000,1213226617,0.0118008,13.5987,15573000
1488123561000,1216020408,0.0117697,13.6252,14028400
1488209962000,1304798746,0.0124982,14.6148,26889200
1488296661000,1372816100,0.0130695,15.3712,52544300
1488383061000,1411920648,0.0130936,15.8035,45459300
1488469462000,1676935462,0.0151657,18.7632,82374600
1488555860000,1688339753,0.0148201,18.8841,98266600
1488642262000,1747099199,0.0155458,19.5345,40598800
1488728659000,1726555195,0.0153154,19.298,31400600
1488815060000,1768597532,0.0155256,19.761,24194600
1488901460000,1701403248,0.0155094,19.0037,40761100
1488987861000,1575111771,0.0149063,17.5869,45226500
1489074263000,1545825275,0.0146306,17.254,35861900
1489160662000,1634178764,0.0147981,18.2338,40931800
1489247063000,1794758049,0.0169671,20.0186,89239400
1489333459000,1989050834,0.0183246,22.178,90504200
1489419869000,2684529845,0.0244967,29.9222,211508000
1489506262000,2520867266,0.0225996,28.0882,148719000
1489592665000,2752223873,0.0245449,30.6553,93996000
1489679066000,3650785825,0.0332622,40.6497,389553000
1489765461000,4295610975,0.0408685,47.8125,554773000
1489851865000,3258292981,0.0362972,36.2538,256719000
1489938269000,3609974595,0.0397028,40.153,236550000
1490024663000,4088460050,0.0430097,45.4591,206311000
1490111965000,3952742600,0.0401113,43.9347,111558000
1490198361000,3590972169,0.0388625,39.8998,110205000
1490284772000,3755692281,0.0396664,41.7155,78203500
1490371161000,4285053922,0.047752,47.579,211078000
1490457561000,4457644432,0.0525228,49.4783,282910000
1490543962000,4472490482,0.049234,49.6259,147786000
1490630363000,4576296370,0.0493979,50.7603,122437000
1490716762000,4535455241,0.0474714,50.2902,110445000
1490803161000,4749412260,0.0504813,52.6444,137830000
1490889561000,4749975562,0.0515223,52.6326,95685400
1490975962000,4307836372,0.044943,47.7169,122336000
1491062362000,4612255752,0.0479505,51.0716,109934000
1491148761000,4470368150,0.0451198,49.4834,82399200
1491235162000,4146376785,0.0404336,45.8816,220945000
1491321562000,4077735767,0.0401699,45.1064,180239000
1491407962000,4254537184,0.0419885,47.046,95391100
1491494362000,4057558568,0.0387732,44.8524,114814000
1491580761000,3849658720,0.0360766,42.5397,142697000
1491667162000,4088713204,0.0382719,45.1659,85283800
1491753560000,3912993889,0.0364499,43.2103,48441600
1491839963000,3850081734,0.0357855,42.5014,46796300
1491926361000,3930103484,0.0360302,43.3702,45946500
1492012762000,3948181902,0.0362347,43.5552,36016300
1492099163000,4575207742,0.0432523,50.4556,171699000
1492185563000,4251694368,0.0399202,46.8719,122441000
1492271965000,4322046323,0.0401255,47.6317,48978800
1492358361000,4427494540,0.0412368,48.7774,55870000
1492444763000,4387229597,0.0407474,48.3175,36507500
1492531165000,4595181478,0.0418199,50.5907,77518800
1492617564000,4617482852,0.0420837,50.8194,53467200
1492703963000,4441678511,0.0397618,48.8684,99091100
1492790363000,4458155950,0.0401471,49.0333,54405600
1492876766000,4428245318,0.0400212,48.6882,40072400
1492963163000,4402502648,0.0395726,48.389,38320400
1493049564000,4560045677,0.0409169,50.104,55313400
1493135966000,4550450954,0.039736,49.9819,40255300
1493222366000,4776505397,0.0407887,52.4477,80577800
1493308785000,5337608571,0.0445531,58.59,221874000
1493395167000,5876011410,0.0491632,64.479,284767000
1493481567000,6418076649,0.0533621,70.4043,182798000
1493567965000,6544484171,0.0542256,71.7681,118415000
1493654379000,7016967949,0.0545534,76.9247,384073000
1493740766000,7117040392,0.0536763,77.9965,276797000
1493827171000,7306881471,0.054623,80.051,146568000
1493913565000,8217325282,0.0572458,89.9966,253529000
1493999965000,9054787855,0.0630809,99.136,388480000
1494086364000,8590014016,0.0605001,94.0171,217162000
1494172765000,8843856018,0.0619639,96.764,134332000
1494259167000,8518327610,0.0562363,93.1722,262977000
1494345566000,8152879748,0.049295,89.146,315949000
1494431966000,8096287169,0.0499008,88.4985,161960000
1494518364000,8279018322,0.0488794,90.4664,137941000
1494604765000,8361573443,0.0517338,91.3386,136899000
1494691163000,8117037090,0.0517763,88.6388,117787000
1494777562000,8242690051,0.0504708,89.9829,64098600
1494863965000,8524999100,0.0545411,93.0359,148982000
1494950363000,8277849633,0.0517423,90.3108,153234000
1495036766000,8266756424,0.0493413,90.1621,184996000
1495123164000,8649628446,0.0506319,94.3087,186154000
1495209564000,10794218067,0.0604994,117.655,416074000
1495295963000,11829387818,0.0652873,128.898,478224000
1495382375000,12935870894,0.069632,140.911,396951000
1495468772000,17161988098,0.0845949,186.887,1178430000
1495555175000,16800635439,0.0811429,182.896,745227000
1495641561000,17755613907,0.0811522,193.231,495470000
1495729468000,18631216440,0.0754772,202.696,946994000
1495815863000,16652347455,0.0748775,181.111,848118000
1495902265000,14801862233,0.0765292,160.934,1334050000
1495988663000,14619264325,0.0759391,158.899,755119000
1496075063000,17112336498,0.0821203,185.937,502175000
1496161464000,18923162471,0.0912137,205.547,1277530000
1496247864000,21165551677,0.0999725,229.831,1596730000
1496334265000,20469433076,0.0936801,222.204,878890000
1496420668000,20375770988,0.0918289,221.122,510669000
1496507064000,20549295146,0.0878105,222.939,447562000
1496593466000,22869485584,0.0983271,248.037,683489000
1496679873000,22873147512,0.0950998,248.003,503630000
1496766265000,24049800786,0.0940066,260.683,663387000
1496852665000,23981658822,0.092319,259.866,480072000
1496941466000,23732656262,0.0940041,257.089,434682000
1497027864000,25474295421,0.0974443,275.873,445431000
1497114280000,29130530122,0.109526,315.373,1093900000
1497200665000,31527538218,0.115217,341.219,1879700000
1497287064000,34502993575,0.141381,373.309,2139530000
1497373476000,36196531213,0.143086,391.513,2254440000
1497459865000,34128461499,0.144739,369.031,1141110000
1497546269000,30851903653,0.143079,333.499,2232210000
1497632667000,34364643872,0.148662,371.358,1453320000
1497719068000,34617470542,0.14971,373.975,840045000
1497805465000,34960376940,0.151146,377.562,957815000
1497891869000,34438685264,0.148844,371.813,699034000
1497978272000,34869897056,0.150664,376.359,698552000
1498064667000,31351916026,0.135425,338.292,1256450000
1498151071000,31549313241,0.136239,340.326,1340270000
1498237470000,31603312607,0.125079,340.811,692830000
1498323867000,30995939385,0.127114,334.167,580741000
1498410267000,29809370027,0.124362,321.283,813944000
1498496675000,24351731987,0.108947,262.385,1726200000
1498655504000,28022989653,0.119607,301.789,2213090000
1498743846000,29309336105,0.125598,315.543,2009590000
1498830246000,28386347237,0.121646,305.518,1066150000
1498916646000,26290312937,0.114613,282.877,1119280000
1499003047000,25078312330,0.112055,269.758,968622000
1499089448000,26789026855,0.112297,288.076,1064890000
1499175848000,26449434469,0.109029,284.342,640059000
1499262247000,24605882591,0.10309,264.446,814956000
1499348658000,25336353969,0.105748,272.236,754613000
1499435046000,23582255005,0.101094,253.318,531064000
1499521446000,22890082093,0.0974097,245.791,822449000
1499607848000,22754969529,0.0964091,244.27,598428000
1499694248000,21167737658,0.0919434,227.169,506744000
1499780668000,19136410288,0.0865371,205.316,1657880000
1499894347000,20210685743,0.0915595,216.768,1108140000
1499982246000,19322208844,0.0884297,207.185,881684000
1500068646000,18303397331,0.0898199,196.211,734737000
1500155046000,16713662486,0.0875958,179.123,825702000
1500241446000,13981549486,0.0794501,149.804,1401940000
1500327846000,17023366012,0.0845978,182.349,1531310000
1500414247000,22508424932,0.102368,241.041,2611270000
1500500646000,19603236126,0.0923819,209.875,2505250000
1500587046000,21215694000,0.0832135,227.079,2311540000
1500673446000,20129966141,0.0817671,215.402,1164020000
1500759846000,21426800525,0.0811238,229.22,583224000
1500846263000,21373783431,0.0824668,228.593,718085000
1500932662000,20944948014,0.0813134,223.949,453743000
1501019059000,18874506774,0.0788071,201.758,1013120000
1501105458000,18936918862,0.0813716,202.372,757371000
1501191866000,19115651078,0.0772502,204.229,385860000
1501278265000,18319835817,0.0710493,195.675,574223000
1501364666000,18435763587,0.0724327,196.862,691231000
1501451066000,18721109157,0.0733166,199.856,706559000
1501537473000,18941282253,0.0709717,202.154,531844000
1501623873000,21153358113,0.0826507,225.711,1561990000
1501710264000,20650056111,0.0821427,220.291,701146000
1501796666000,21104993205,0.0809702,225.094,552921000
1501883069000,20878733245,0.0785946,222.63,546929000
1501969455000,23361642585,0.0775146,249.049,1234700000
1502055853000,25134698639,0.082559,267.89,1491910000
1502142263000,25075443441,0.0795079,267.197,998565000
1502228651000,27921614317,0.0870051,297.456,1454110000
1502315051000,28309378463,0.0898656,301.518,2615230000
1502401462000,28369076708,0.0879564,302.084,1182740000
1502487849000,28287464963,0.0835146,301.145,877842000
1502574249000,28997881790,0.0813385,308.636,1196700000
1502660652000,27851262316,0.0728103,296.363,1357270000
1502747048000,28167615260,0.0699484,299.659,886468000
1502833448000,27037463692,0.069973,287.568,1041870000
1502919850000,28325898242,0.0693308,301.199,970298000
1503006280000,28650379067,0.0701474,304.577,905233000
1503092661000,27570310696,0.0735781,293.025,882081000
1503179065000,27885721199,0.0717106,296.306,911909000
1503265471000,27965957017,0.0722848,297.089,548824000
1503351857000,30700867524,0.0812458,326.064,2398340000
1503438261000,29463329321,0.0765022,313.197,1433200000
1503524659000,29826592404,0.0767924,316.627,814242000
1503611064000,30444811445,0.0762517,323.112,679190000
1503697475000,31356348400,0.0764939,332.719,792970000
1503783874000,31375266102,0.0765675,332.854,549397000
1503870270000,32082718391,0.0780255,340.292,562338000
1503956667000,32588785514,0.0792428,345.592,902121000
1504043068000,35066461646,0.0804621,371.792,1174090000
1504129460000,35776462198,0.0829136,379.244,1372330000
1504217963000,36184279891,0.080921,383.488,717386000
1504304363000,36507316479,0.0794194,386.834,861845000
1504391668000,32176103698,0.0749497,340.872,1421650000
1504478064000,32602100340,0.0750807,345.317,1019010000
1504565365000,29136777094,0.0703414,308.55,1831540000
1504651766000,29551326962,0.07023,312.877,1536990000
1504738161000,31299856087,0.0717201,331.323,1102070000
1504826963000,31247548978,0.0711984,330.701,726432000
1504913364000,28309257124,0.069258,299.543,1097650000
1504999769000,27847524811,0.0680664,294.598,538803000
1505086171000,27481843368,0.0679381,290.671,692214000
1505172570000,27794073912,0.0697362,293.915,575567000
1505262874000,27137126756,0.0698101,286.907,748663000
1505349263000,26499731587,0.0716284,280.112,921990000
1505435661000,21579609288,0.0685921,228.058,1301720000
1505522105000,24100054166,0.0683259,254.642,1918550000
1505608478000,23113755917,0.066472,244.171,698078000
1505694868000,24148788552,0.0683486,255.053,438253000
1505781260000,28009379202,0.0717033,295.768,1140840000
1505867659000,26751829245,0.0721079,282.431,635040000
1505954060000,26949095615,0.0729665,284.456,422855000
1506040465000,24808962660,0.0716393,261.813,616009000
1506126850000,24884722496,0.0731169,262.569,419915000
1506213252000,27130062712,0.0757234,286.215,459058000
1506299651000,26808363925,0.0767129,282.775,568605000
1506386051000,27768629326,0.0744373,292.858,479377000
1506472450000,27301261423,0.0737765,287.883,349248000
1506558865000,28877265882,0.0727118,304.452,550459000
1506645251000,28439317419,0.0714536,299.787,495011000
1506731650000,27708431371,0.0699426,292.037,540112000
1506818050000,28627952464,0.0692563,301.681,339527000
1506904449000,28637546745,0.0686552,301.734,304111000
1506990851000,28335686116,0.0679192,298.506,336285000
1507077249000,27726530369,0.0677633,292.042,319591000
1507163648000,27802340672,0.0694145,292.793,257989000
1507250050000,28015497649,0.0683642,294.99,252629000
1507336449000,29293885006,0.0706192,308.402,329266000
1507422849000,29626443422,0.0698525,311.854,333859000
1507509256000,29248005661,0.0671569,307.821,295203000
1507595656000,28137388177,0.0612943,296.085,559589000
1507682048000,28761582633,0.0635331,302.604,360932000
1507768449000,28852687451,0.0629449,303.513,260499000
1507854853000,28751641368,0.055565,302.401,542289000
1507941250000,32031299538,0.0598687,336.841,1285870000
1508027671000,32595316994,0.0587326,342.717,529047000
1508114057000,32009766670,0.0590325,336.505,623765000
1508200449000,31677298269,0.0576204,332.953,709664000
1508286861000,29950454365,0.0571132,314.736,508727000
1508373248000,29783442390,0.0563831,312.914,601128000
1508459650000,29414342619,0.0540195,308.97,348164000
1508546048000,28886015916,0.0506749,303.355,397719000
1508632448000,28664310954,0.0499857,300.963,406827000
1508718848000,28012572928,0.0493963,294.057,326847000
1508805248000,27051847877,0.0490813,283.911,492843000
1508891649000,28467126541,0.0540314,298.7,672864000
1508978049000,28357616927,0.0520607,297.488,324954000
1509064459000,28297539775,0.0503774,296.795,266537000
1509150848000,28398232593,0.0510478,297.787,260046000
1509237250000,28299591962,0.051802,296.689,263634000
1509323659000,29102521943,0.0495992,305.042,553928000
1509410049000,29321359967,0.0500681,307.271,327838000
1509496449000,29244652975,0.0478186,306.401,374596000
1509582850000,27812282066,0.0432096,291.332,568862000
1509669250000,27712594224,0.0415439,290.226,906859000
1509755650000,29019941339,0.0430714,303.853,632378000
1509842050000,28647905921,0.0409064,299.894,407612000
1509928450000,28278856960,0.0400469,295.967,338350000
1510014851000,28486304796,0.0423789,298.075,585670000
1510101249000,28132122093,0.0414644,294.306,537074000
1510187650000,29476019977,0.0415365,308.3,972896000
1510274050000,30503590143,0.0444671,318.98,888997000
1510360449000,28658465273,0.0453443,299.621,885055000
1510446858000,29807562448,0.0494077,311.568,833921000
1510533249000,29449072042,0.0523158,307.756,1632160000
1510619654000,30356962436,0.0482389,317.176,1027590000
1510706050000,32380543076,0.0504212,338.248,1082940000
1510792450000,31898779424,0.0458175,333.144,709691000
1510878864000,31550966957,0.0415081,329.442,803967000
1510965250000,31630368088,0.043564,330.201,614861000
1511051660000,33362738390,0.0447511,348.212,649705000
1511138061000,33899613547,0.0440331,353.74,1172440000
1511224453000,35234009311,0.044592,367.586,816531000
1511310854000,34809493648,0.0444047,363.08,945306000
1511397253000,36770297124,0.0463924,383.45,834346000
1511483655000,39471652573,0.0509702,411.533,1869510000
1511570051000,45811772378,0.0581609,477.534,2285240000
1511656458000,44295038987,0.052677,461.626,1398790000
1511743453000,45187597797,0.0500135,470.827,1192710000
1511830152000,46087725065,0.0493023,480.104,1388700000
1511916554000,46122243094,0.0482121,480.362,1381240000
1512002952000,42824489194,0.0448469,445.921,2807740000
1512089353000,42552717228,0.0440579,442.997,1837650000
1512175752000,45115901907,0.0428779,469.581,1249100000
1512262152000,44776615407,0.0423921,465.952,930253000
1512348552000,44942684898,0.0413452,467.581,998723000
1512435019000,45380393200,0.0405951,472.034,1004950000
1512521354000,44335739644,0.0390379,461.069,1257410000
1512607754000,40555970455,0.0298826,421.671,2014470000
1512694155000,41088803454,0.0244674,427.118,2101580000
1512780556000,44019539997,0.0282011,457.486,2292250000
1512866955000,44677510459,0.0318803,464.225,1952350000
1512953653000,43628571303,0.0294251,453.23,1443950000
1513040055000,49185567139,0.0303245,510.85,1942950000
1513126456000,62842721749,0.037398,652.557,5094900000
1513212858000,69476144301,0.0438501,721.283,4581570000
1513299258000,64797466858,0.0395306,672.565,3713010000
1513385665000,67075464446,0.0392553,696.059,2736390000
1513472066000,68616340576,0.0367948,711.899,2238200000
1513558458000,68614040156,0.0381456,711.724,2059560000
1513644861000,76084384251,0.041809,789.045,3239780000
1513731253000,73451984583,0.0464618,761.583,3998150000
1513817654000,79229699958,0.0495143,821.313,3722310000
1513904066000,78399854833,0.0523307,812.538,3536110000
1513990453000,65599588231,0.049638,679.731,5008970000
1514076857000,68977049305,0.0493734,714.575,2489670000
1514163249000,69645590283,0.0516545,721.346,2398490000
1514249649000,73773690493,0.0545269,763.946,2422500000
1514336048000,75340442408,0.0491652,780,2204490000
1514422449000,72636656517,0.0496542,751.848,2047580000
1514508849000,71838774879,0.051454,743.432,2403370000
1514595249000,71680186714,0.0520129,741.634,2667720000
1514681649000,69930669847,0.055977,723.378,3205780000
1514768049000,72279879533,0.0541421,747.521,2517380000
1514854449000,77119030150,0.0574979,797.4,2733980000
1514940850000,87443648209,0.0606876,903.975,5882810000
1515027249000,92717429027,0.0631029,958.275,5127880000
1515113649000,95716368528,0.0655697,989.097,6510440000
1515200049000,97155464771,0.0596483,1003.71,6747100000
1515286449000,102000889022,0.0613195,1053.54,4714840000
1515372849000,117554209937,0.0746713,1213.92,5910600000
1515459249000,113443380213,0.0775154,1171.22,8355560000
1515545650000,124472197989,0.0900794,1284.81,7990280000
1515632049000,128664678960,0.0894533,1327.8,9.674e+09
1515718450000,109781447923,0.0858679,1132.68,6949850000
1515804849000,124248799953,0.0907721,1281.67,5201840000
1515891249000,133588759230,0.095779,1377.72,5672090000
1515977649000,134728863762,0.100433,1389.18,4940690000
1516064050000,122466582462,0.0944519,1262.48,4768700000
1516150451000,98953373618,0.0904603,1019.89,8339400000
1516236851000,97362172158,0.0913432,1003.25,8242210000
1516323251000,102173921640,0.0916019,1052.61,5941200000
1516409651000,102681882068,0.0903616,1057.62,4096310000
1516496051000,109900790747,0.0903574,1131.73,3948910000
1516582451000,103920150112,0.0909792,1069.92,3380680000
1516668852000,96578421091,0.0928367,994.121,3782470000
1516755252000,94031332362,0.0904751,967.699,3490110000
1516841652000,103398207106,0.093823,1063.87,3986670000
1516928053000,104198477941,0.0946502,1071.88,4090930000
1517014452000,102862067794,0.0951033,1057.91,3570350000
1517100854000,109000724704,0.0972386,1120.81,3048130000
1517187253000,121816129192,0.106968,1252.32,5425300000
1517273652000,115256144765,0.10554,1184.63,3687240000
1517360054000,102585677271,0.107126,1054.18,4146430000
1517446453000,109619169009,0.110719,1126.22,3738380000
1517532853000,95671055361,0.111625,982.71,5107220000
1517619253000,88875044664,0.104023,912.71,6573440000
1517705651000,92823294624,0.104779,953.058,3176990000
1517792054000,81533006517,0.101151,836.961,3012860000
1517878455000,68879518607,0.0998911,706.919,4399600000
1517966954000,76575300681,0.101881,785.733,6430050000
1518053354000,76044520279,0.10101,780.123,4044950000
1518139753000,77798863633,0.100446,797.954,3535320000
1518226152000,87505658478,0.100888,897.326,2550520000
1518312550000,80888281314,0.101277,829.292,2749850000
1518398951000,81138130764,0.100785,831.683,2494550000
1518485351000,84498370802,0.0976048,865.944,2246950000
1518571752000,83062061089,0.0986336,851.046,2097590000
1518658153000,89377487541,0.0969638,915.566,2835130000
1518744552000,91743678324,0.0925297,939.605,2908570000
1518830952000,92524019053,0.0928417,947.4,2346600000
1518917351000,95758994047,0.0876676,980.318,2567240000
1519003752000,91387395451,0.0887748,935.37,2560960000
1519090151000,93086286132,0.0831638,952.559,2235720000
1519176552000,88349993340,0.081056,903.903,2677780000
1519263552000,83780062437,0.0813238,856.966,2402050000
1519350551000,78518096709,0.0830613,802.975,2137620000
1519439052000,85796467865,0.0842539,877.219,2359120000
1519525453000,82723394041,0.0866123,845.619,1890430000
1519611852000,83945284580,0.0885107,857.932,1681170000
1519698253000,84885192258,0.0851941,867.358,2038830000
1519784654000,86785550633,0.0824174,886.591,2069570000
1519871652000,83994099916,0.0828938,857.893,1969060000
1519958052000,85759810137,0.0786453,875.745,1948610000
1520045051000,84965771802,0.0765875,867.452,1856220000
1520131452000,83445961642,0.0753474,851.758,1646910000
1520217851000,84870245361,0.0753584,866.116,1697010000
1520306951000,82810491255,0.0752332,844.916,1962350000
1520393653000,79860113118,0.0758912,814.644,1819160000
1520480053000,72847560335,0.0766298,742.954,2229830000
1520566452000,66293088028,0.0751062,675.967,1887570000
1520652853000,71423634418,0.0794716,728.129,2188460000
1520739251000,66748410625,0.0791947,680.326,1473260000
1520825652000,71068725844,0.0758633,724.209,1519740000
1520912052000,67917788791,0.0767534,691.956,1735380000
1520998454000,68789556844,0.075673,700.693,1456220000
1521084851000,57841198205,0.0738534,589.049,1914570000
1521171252000,59015030123,0.0744695,600.878,1610890000
1521257653000,58742146628,0.0729353,597.975,1393310000
1521344052000,50787079399,0.0675903,516.889,1374890000
1521430452000,52558605340,0.06512,534.807,2651180000
1521516551000,54734596558,0.0644144,556.833,1968310000
1521602652000,55287359128,0.0628819,562.34,1778520000
1521689352000,56796028813,0.0637889,577.566,1825390000
1521775752000,50515425074,0.0614339,513.591,1508920000
1521862453000,53318982698,0.0610195,541.983,1536770000
1521948852000,51161739106,0.0610513,519.946,1253540000
1522035254000,51556215342,0.0618913,523.847,1169940000
1522121053000,46065832136,0.0594377,467.964,1630620000
1522206253000,44195912369,0.0574199,448.877,1668940000
1522292653000,43890978315,0.0564567,445.688,1428330000
1522378453000,36903535003,0.0552644,374.657,2124500000
1522465153000,40781926247,0.0586435,413.946,1852650000
1522551555000,39031445380,0.0571505,396.095,1175190000
1522637953000,37861985061,0.0551719,384.148,1302980000
1522724353000,38217093621,0.0548458,387.671,1101100000
1522810754000,39775110745,0.0552408,403.392,1360400000
1522897153000,36625359303,0.0562384,371.371,1255030000
1522983553000,37532628436,0.056173,380.491,1158380000
1523069953000,37455896577,0.0554952,379.635,1008920000
1523157253000,38150265337,0.055704,386.593,911514000
1523244554000,40229193222,0.0575606,407.575,1062700000
1523330954000,39344266912,0.0590317,398.527,1405200000
1523417354000,40917247751,0.0606247,414.374,1250390000
1523503762000,43143357977,0.0629687,436.83,1497460000
1523590164000,48361983477,0.062407,489.567,2629320000
1523676562000,49966879333,0.0630972,505.708,2355040000
1523762960000,50420381351,0.0630339,510.192,1599750000
1523849357000,51109427822,0.0633019,517.058,1672200000
1523935758000,49982755333,0.0630639,505.555,1687860000
1524022155000,50009024105,0.0638484,505.716,1702100000
1524108558000,52745180549,0.0652566,533.276,1900340000
1524194958000,57009727638,0.0691897,576.273,2428400000
1524281358000,60498430936,0.0689638,611.411,2708640000
1524367758000,59850382492,0.0683157,604.737,2544980000
1524454157000,62745168407,0.0716856,633.855,2438630000
1524540556000,65940996859,0.0726173,666.002,2680360000
1524626963000,68228258883,0.0711117,688.961,3618100000
1524713359000,61798497205,0.0704311,623.904,4076460000
1524799759000,65131250799,0.0711982,657.414,2807180000
1524886159000,65869970276,0.0730151,664.733,2658350000
1524972560000,68839833857,0.0732356,694.56,2616700000
1525058960000,68215552075,0.0733137,688.119,2729430000
1525145356000,64499654170,0.0725114,650.5,2972130000
1525231757000,66300352574,0.0740639,668.522,2440560000
1525318156000,70792140266,0.0773156,713.665,3280550000
1525404557000,76410909263,0.080538,770.148,4102750000
1525490957000,79435523908,0.0817961,800.467,3496590000
1525577356000,82385685743,0.0842221,830.023,3118220000
1525663756000,74280695369,0.0807845,748.21,3031370000
1525750155000,76173489364,0.0815763,767.116,4310080000
1525836556000,72064562785,0.080037,725.588,2802290000
1525922965000,75232279120,0.0813087,757.327,2835070000
1526009358000,72632159885,0.0818746,731,2770320000
1526095757000,68129017690,0.0812747,685.536,3200020000
1526182157000,67602873351,0.080709,680.101,2600270000
1526268555000,70826357405,0.084063,712.384,2432160000
1526354958000,72463789566,0.0839986,728.704,2937440000
1526441359000,68469136496,0.0842437,688.391,2563710000
1526527759000,71326691662,0.0854071,716.974,2450610000
1526614159000,67167089186,0.084218,675.021,2358210000
1526700558000,68913769515,0.0841113,692.431,2167040000
1526786956000,70453109190,0.0854712,707.751,2058790000
1526873358000,71222672791,0.0840398,715.333,2166990000
1526959758000,68690978325,0.0828901,689.762,2022850000
1527046159000,63944614227,0.0808037,641.969,2291900000
1527132557000,59581620765,0.0785613,598.042,3025510000
1527218958000,60426866705,0.0798351,606.401,2773190000
1527305365000,58535091234,0.0789781,587.296,2041140000
1527391759000,58187726928,0.0800675,583.689,1672320000
1527478159000,57386054807,0.0779642,575.529,1827840000
1527564559000,52563862440,0.0740011,527.058,2451750000
1527650960000,57018748915,0.0761917,571.609,2389100000
1527737358000,56481921329,0.0768135,566.11,1988050000
1527823759000,57181377989,0.0765913,573.002,2018830000
1527910159000,57981086567,0.0775327,580.895,1843610000
1527996559000,59370885165,0.0778093,594.696,1914840000
1528084758000,61844899406,0.0804335,619.347,1849430000
1528171161000,58292882560,0.0787757,583.653,1912750000
1528257560000,60819700608,0.0798907,608.828,1775730000
1528343960000,61391758697,0.0796774,614.428,1851910000
1528430360000,60515082215,0.0791236,605.529,1833790000
1528516761000,60679758272,0.0791936,607.05,1641340000
1528603160000,57486120252,0.0786871,574.981,1621790000
1528689560000,53459880211,0.0788809,534.601,2249590000
1528775961000,52933271464,0.0774868,529.225,1912180000
1528862360000,50006630156,0.0760222,499.862,1919250000
1528948760000,48837031709,0.0750746,488.07,2199740000
1529035160000,51528927733,0.0776976,514.867,2326240000
1529121560000,49464884268,0.0768389,494.142,1766720000
1529207961000,50767223692,0.07727,507.048,1318870000
1529294360000,49832181804,0.0770881,497.607,1278610000
1529380760000,51763930337,0.0770403,516.791,1493800000
1529467162000,52232301903,0.0787721,521.36,1798580000
1529553561000,54348676125,0.0801329,542.373,1499930000
1529639962000,52013463616,0.077829,518.963,1548470000
1529726362000,47085806828,0.076886,469.702,2249360000
1529812760000,46781857304,0.076553,466.573,1683990000
1529899162000,45387056596,0.0737578,452.57,2392190000
1529985560000,46017493731,0.0734452,458.763,4218680000
1530071961000,43220390263,0.0710903,430.789,1385910000
1530158361000,43518077478,0.0711911,433.668,1315290000
1530244740000,42424651845,0.0719099,422.685,1392210000
1530331140000,45010447182,0.0702073,448.356,1748670000
1530417540000,45361899428,0.071115,451.765,1369850000
1530503940000,45358633015,0.0713385,451.64,1425080000
1530590341000,48170785398,0.0726439,479.542,1721740000
1530676740000,46152364179,0.0709883,459.355,1670080000
1530763441000,47479444936,0.0713314,472.467,1599240000
1530849840000,47583060714,0.0725326,473.402,1768100000
1530936241000,47365130612,0.0713933,471.138,1562570000
1531022640000,49446151272,0.0731143,491.738,1432700000
1531109044000,48747432760,0.0722013,484.69,1295670000
1531195445000,46770636771,0.0699981,464.94,1600590000
1531281840000,43825135202,0.0684968,435.571,1745550000
1531368243000,44584067390,0.0697124,443.023,1371560000
1531454643000,44193644342,0.070184,439.054,1572700000
1531541041000,43633562784,0.0695191,433.402,1438220000
1531627444000,43853619832,0.0694705,435.499,1195280000
1531713846000,45252362771,0.0704865,449.298,1369100000
1531800240000,48443665709,0.0712934,480.886,1940820000
1531886648000,51094465188,0.0680099,507.097,2409610000
1531973041000,48042698681,0.0650299,476.712,2274840000
1532059740000,47029494426,0.0626099,466.563,2037200000
1532146144000,45827292307,0.0624765,454.546,1796060000
1532232541000,46565961827,0.0623093,461.778,1445170000
1532318941000,47141052726,0.0612766,467.385,1376160000
1532405342000,45728181172,0.0584404,453.285,1652040000
1532491745000,48040318364,0.0577877,476.107,2332300000
1532578152000,48063405549,0.0578698,476.238,1808620000
1532664554000,46841611746,0.0586945,464.038,1656340000
1532750952000,47423324110,0.057462,469.705,3613780000
1532837355000,47018367412,0.0567375,465.6,1534840000
1532923757000,46931938473,0.0567386,464.65,1678930000
1533010443000,45642163748,0.0555713,451.789,1775170000
1533096842000,42373422491,0.0555418,419.348,1894160000
1533183243000,42737764763,0.0553031,422.868,1802740000
1533269642000,40584514513,0.0549073,401.481,1566070000
1533359045000,42348424538,0.0561086,418.842,1567320000
1533445445000,41204191054,0.0582672,407.442,1526700000
1533531845000,41767180871,0.0581934,412.926,1401290000
1533618243000,41166396604,0.0584408,406.904,1363110000
1533704644000,37853847467,0.0574706,374.086,1926550000
1533791066000,36886809573,0.0574408,364.455,1936880000
1533877468000,36628003124,0.0561195,361.826,1611800000
1533963546000,32534135990,0.0524795,321.319,1.697e+09
1534049948000,32758841374,0.0515214,323.473,1787650000
1534136347000,32409919369,0.050428,319.963,1632620000
1534222750000,27508737845,0.0451568,271.522,2037600000
1534309159000,29113929141,0.0452785,287.308,1909980000
1534395552000,28858963921,0.0450941,284.735,1764680000
1534481956000,30499070029,0.0464287,300.856,1664660000
1534568356000,31727418001,0.0479454,312.91,1986940000
1534654760000,29720642124,0.0459886,293.059,1607860000
1534741161000,30313875162,0.0461155,298.848,1532330000
1534827544000,28138228126,0.0439746,277.344,1350180000
1534913945000,29465362211,0.0431719,290.366,1388800000
1535000342000,27572165641,0.0424124,271.655,1358120000
1535086742000,27923411873,0.042304,275.061,1229490000
1535173145000,28581963375,0.0417236,281.49,1520290000
1535259542000,27782167524,0.0413303,273.558,1161820000
1535345941000,28304325140,0.0414747,278.644,1246930000
1535432340000,28896330850,0.0412295,284.415,1388840000
1535518743000,29638204988,0.0413858,291.658,1493610000
1535605142000,29186395213,0.0409723,287.154,1448900000
1535691542000,28695727161,0.0403317,282.27,1548990000
1535777940000,29118795955,0.040527,286.374,1411730000
1535864344000,30196023088,0.0411656,296.909,1563240000
1535950742000,29411822168,0.0401648,289.14,1277880000
1536037144000,29084871335,0.0394083,285.868,1.412e+09
1536123542000,28890784640,0.0386219,283.903,1583370000
1536209943000,23319928991,0.0355316,229.114,2732690000
1536296345000,23471503482,0.0354038,230.557,1711050000
1536382742000,22124892521,0.0336117,217.286,1617210000
1536469140000,19383247035,0.0307461,190.323,1610500000
1536555545000,20218942186,0.0314653,198.489,1530440000
1536642843000,19791457853,0.0306432,194.253,1483790000
1536729246000,18045557257,0.0282091,177.082,1582220000
1536815644000,19461025964,0.029773,190.934,1920990000
1536902042000,22282248558,0.033377,218.569,2502010000
1536992341000,21697060379,0.0328144,212.784,1976680000
1537078743000,22010241323,0.0333042,215.812,1737960000
1537165141000,22441419637,0.0340029,219.996,1429480000
1537251558000,20197129631,0.0315122,197.955,2011020000
1537337944000,21633027613,0.0333694,211.986,1764950000
1537424341000,21350212095,0.0326588,209.173,1704950000
1537510741000,22717869778,0.0340634,222.528,1929590000
1537597144000,24539970192,0.0357781,240.327,2878320000
1537683541000,24525809154,0.0358086,240.141,1.644e+09
1537769941000,24485505647,0.0358767,239.698,1693470000
1537856343000,22573946871,0.0341744,220.941,1.839e+09
1537942743000,21787304329,0.0331376,213.199,2012340000
1538029143000,22074400505,0.0334856,215.965,1651950000
1538115544000,23679802357,0.034261,231.625,2138560000
1538201942000,22215210823,0.0334352,217.256,1900950000
1538288343000,23689112425,0.0352968,231.624,2162460000
1538374742000,23562181102,0.0349331,230.337,1757470000
1538461142000,23517808100,0.0348062,229.858,1558480000
1538548146000,22415480372,0.033929,219.04,1698790000
1538634540000,23011955465,0.0342401,224.824,1621480000
1538720942000,22742097411,0.0338256,222.143,1440470000
1538807942000,23281687710,0.0343768,227.368,1461630000
1538894340000,23033049589,0.0342208,224.895,1563430000
1538980740000,23016860896,0.0342869,224.692,1401600000
1539067143000,23505664040,0.0346377,229.418,1454020000
1539153542000,23119181528,0.0344782,225.601,1422420000
1539239947000,20555694770,0.032011,200.546,1793730000
1539326044000,19896048360,0.0309492,194.072,1844770000
1539412457000,20423418376,0.0317755,199.177,1275540000
1539498842000,20625643714,0.0318608,201.109,1.16e+09
1539585249000,22314834939,0.032558,217.536,1788690000
1539671644000,21699249755,0.0317072,211.493,2517640000
1539758041000,21537113264,0.0318569,209.871,1456280000
1539844444000,21276896394,0.0317914,207.294,1403470000
1539930845000,20777260382,0.0314066,202.386,1329030000
1540017242000,21000694021,0.0318092,204.522,1268790000
1540103643000,21288118253,0.0318723,207.28,1253510000
1540190041000,21072010243,0.0315815,205.135,1270940000
1540276447000,20982684598,0.0316895,204.225,1238220000
1540362841000,21084586185,0.0315353,205.176,1223450000
1540449245000,20793361214,0.0313888,202.302,1142100000
1540535640000,20851556320,0.0313882,202.828,1041090000
1540622043000,20963472832,0.0314624,203.876,1211450000
1540708440000,21026629543,0.0315485,204.45,1073950000
1540794840000,21053996752,0.0316158,204.676,1204750000
1540881240000,20307121434,0.0312345,197.376,1488090000
1540967641000,20329151412,0.0314208,197.551,1346670000
1541054047000,20576986705,0.0315168,199.92,1541830000
1541140447000,20485787787,0.0314591,198.995,1380330000
1541226846000,20617998049,0.0314042,200.24,1433090000
1541313248000,20673810902,0.0315221,200.742,1360310000
1541399652000,21455822990,0.0322834,208.295,1741500000
1541486040000,21696630873,0.0326876,210.591,1689070000
1541572442000,22380194980,0.0332335,217.183,1910090000
1541658842000,22051329837,0.0329582,213.949,1776020000
1541745251000,21945860813,0.0330411,212.884,1726140000
1541831641000,21799444578,0.0329251,211.422,1540430000
1541918041000,21821628357,0.0331429,211.595,1.379e+09
1542004440000,21837332380,0.0329116,211.706,1497760000
1542090842000,21614873841,0.0329505,209.508,1432980000
1542177246000,21317173319,0.0325672,206.582,1585960000
1542263644000,18405736569,0.0316844,178.333,2944910000
1542350044000,18502861064,0.0320109,179.239,2487070000
1542436444000,17968011102,0.03154,174.024,1917580000
1542522840000,18244550746,0.0315922,176.668,1839280000
1542609241000,16924670008,0.0301999,163.855,1894290000
1542695640000,14531865581,0.0301994,140.662,2761900000
1542782040000,13472758443,0.0294927,130.385,3130760000
1542868440000,14070656566,0.0298128,136.145,2492800000
1542954840000,12820760731,0.028949,124.027,1988180000
1543041240000,12850838491,0.02863,124.294,1738350000
1543127644000,11020084533,0.0285792,106.566,1884430000
1543214043000,11940787469,0.0286624,115.447,2313120000
1543300444000,11081438579,0.0283268,107.118,2200090000
1543386842000,11941738784,0.0285646,115.412,2574610000
1543473246000,12331528938,0.0282645,119.156,2451680000
1543559646000,12321015601,0.0277083428196,119.031686336,2138429991
1543646047000,11607516234,0.0281690760609,112.116845784,2069513497
1543732444000,12124461359,0.0283130111556,117.087869211,1983184731
1543818842000,11690082952,0.0282598519374,112.871672939,1832948449
1543905244000,11413354266,0.0280455912252,110.178826792,1884146347
1543991646000,11239760651,0.0277280065769,108.482557304,1863483008
1544078041000,10696351702,0.0268338398417,103.218011808,2151749131
1544164442000,9051479342,0.0254892083561,87.3286969292,2359619966
1544250844000,9610872317,0.0268116419295,92.7082524957,2213087404
1544337242000,9487619818,0.0262166035031,91.5020489499,1819365779
1544423644000,9552136341,0.0258741368094,92.1067044048,1912051288
1544510044000,9584393234,0.0263575400128,92.4001592621,1664926817
1544596444000,9287786995,0.0260398962258,89.523877282,1735323636
1544682845000,9248826628,0.0261183698246,89.1314400501,1502546048
1544769246000,8976502944,0.0261706700864,86.4906817527,1753703091
1544859846000,8787753475,0.0260884614856,84.6551716046,1604315901
1544946243000,9008721930,0.0264571133382,86.7674678458,1688760243
1545032940000,8963481288,0.0262440128259,86.3155914059,1462634777
1545119344000,9852358937,0.0266629270225,94.8578683857,2267857037
1545205746000,10590360060,0.0272316009111,101.94479032,2496719341
1545292143000,10655951378,0.0271111731075,102.557664552,2335110771
1545378546000,11837592502,0.028283387571,113.909559219,3189273425
1545464945000,11342044633,0.0280387258606,109.121329187,2299144966
1545551346000,13310530084,0.0318784421214,128.036620289,3357021636
1545637745000,15386091722,0.0348850724835,147.97486302,3926840296
1545724142000,13682411193,0.0341322900493,131.565550481,3919737212
1545810545000,13803689711,0.0346332206701,132.707340666,3058761329
1545896940000,13057636935,0.0330987031248,125.512008001,2533911698
1545983345000,12368338030,0.0324616162612,118.864713155,2529387751
1546069741000,14384083965,0.0351341220035,138.211523899,3277672564
1546156145000,14191761617,0.0355225872019,136.338319601,3052002457
1546242543000,14253755418,0.0357637989898,136.909052456,2552583868
1546328941000,14037641374,0.0360048964003,134.808827941,2221512554
1546415344000,15085336449,0.0378536376903,144.844067313,2408258343
1546501746000,16094031739,0.0395591713088,154.501403429,3281801324
1546588142000,16341992104,0.0406087530972,156.854680699,2886772192
1546674545000,16324026098,0.0405475640144,156.655615891,3411232378
1546760946000,15897606949,0.0398634236212,152.536936332,3031172085
1546847343000,16321572636,0.0385193518815,156.578329349,2968390080
1546933745000,15577631332,0.0372510629092,149.415607611,2402860588
1547020143000,15916148496,0.0375969155789,152.636188368,2444098759
1547106540000,14529967792,0.036176588895,139.318948269,2665797163
1547192946000,13520338292,0.0353017197404,129.615899632,3197291751
1547279343000,13296132475,0.0347399730158,127.444804125,2543945374
1547365746000,13090779144,0.0343148831359,125.454938413,2059616668
1547452142000,12445586489,0.033231403134,119.251354519,2429249942
1547538548000,13499335244,0.0349246176104,129.325794039,2746575201
1547624948000,12752574074,0.0336052382811,122.150961335,2831137026
1547711342000,12777713633,0.0336839701987,122.37112464,2683060035
1547797748000,12877107604,0.0336466909998,123.301890571,2469502622
1547884140000,12685251410,0.0331975074513,121.44418827,2259973297
1547970540000,12972571617,0.0332624668666,124.173471498,3039470104
1548056946000,12207467973,0.0326311096193,116.830739307,2679940636
1548143341000,12209200147,0.0328364914742,116.829244827,2315556750
1548229741000,12410505782,0.0330143052216,118.737565902,2482006991
1548316141000,12212572714,0.0326591134362,116.825933635,2566718060
1548402541000,12232570345,0.0324657919673,116.999168178,2266585202
1548488940000,12327258968,0.0322607900392,117.886759456,2590301213
1548575340000,12166418276,0.0323576941085,116.330985119,2448119604
1548661742000,11337109368,0.031103655528,108.385097149,3006796652
1548748142000,10902269605,0.0306024513489,104.212438608,3044705504
1548834541000,11061400020,0.0306151808443,105.717905548,2723377685
1548920942000,11491445939,0.0313638693732,109.811760383,2857692959
1549007342000,11021645362,0.0307014301503,105.306701782,2701057364
1549093741000,11201484493,0.0308576340724,107.009325212,2393331793
1549180141000,11422266954,0.0313566360328,109.102192799,2349422276
1549266540000,11262714119,0.031071663152,107.562526107,2441156202
1549352941000,11264084364,0.0310922276262,107.559811012,2568219657
1549439341000,10905246360,0.030391691131,104.117928413,2514645219
1549474142000,10940250190,0.030619936458,104.446028735,2569212228
